User ID,Product ID,Interaction Type,Timestamp,Rating
0,0,purchase,06-11-2024 22:52,4.1
1,1,rating,2024-05-30 22:52:59,2.3
2,2,rating,2024-06-17 22:52:59,3.4
3,3,rating,06-07-2024 22:52,3.7
4,4,view,2024-05-20 22:52:59,4.4
5,5,purchase,2024-06-15 22:52:59,3.3
6,6,click,06-03-2024 22:52,3.6
7,7,click,06-06-2024 22:52,4
8,8,rating,2024-05-19 22:52:59,3.5
9,9,rating,2024-05-30 22:52:59,4.3
10,10,view,06-02-2024 22:52,4
11,11,rating,06-02-2024 22:52,2.2
12,12,click,06-10-2024 22:52,5
13,13,view,2024-06-18 22:52:59,3.8
14,14,purchase,2024-05-23 22:52:59,4.2
15,15,purchase,06-12-2024 22:52,4
16,16,view,2024-06-16 22:52:59,5
17,17,purchase,06-10-2024 22:52,4.9
18,18,click,06-10-2024 22:52,4.3
19,19,view,06-11-2024 22:52,3.9
20,20,view,06-03-2024 22:52,4.2
21,21,purchase,06-09-2024 22:52,4.1
22,22,rating,2024-06-18 22:52:59,3.9
23,23,view,2024-05-30 22:52:59,3.9
24,24,click,06-10-2024 22:52,5
25,25,purchase,2024-06-15 22:52:59,3.3
26,26,purchase,2024-05-28 22:52:59,3.5
27,27,click,2024-05-23 22:52:59,4
28,28,rating,2024-05-27 22:52:59,4.3
29,29,click,2024-05-23 22:52:59,1.5
30,30,purchase,2024-05-23 22:52:59,2.9
31,31,click,06-04-2024 22:52,4.2
32,32,purchase,2024-06-16 22:52:59,3.4
33,33,click,2024-05-28 22:52:59,3.7
34,34,rating,2024-05-24 22:52:59,3.9
35,35,view,2024-05-31 22:52:59,4.1
36,36,rating,2024-06-14 22:52:59,3.9
37,37,click,2024-05-31 22:52:59,4.1
38,38,view,2024-05-30 22:52:59,3.7
39,39,purchase,06-05-2024 22:52,4.4
40,40,click,2024-05-31 22:52:59,4.3
41,41,purchase,06-10-2024 22:52,4.2
42,42,rating,06-10-2024 22:52,4.3
43,43,rating,06-08-2024 22:52,2.6
44,44,view,2024-05-24 22:52:59,5
45,45,purchase,06-02-2024 22:52,3.9
46,46,view,2024-06-14 22:52:59,3.9
47,47,view,06-05-2024 22:52,4
48,48,rating,2024-05-20 22:52:59,3.7
49,49,view,2024-05-30 22:52:59,3
50,50,purchase,06-03-2024 22:52,4.1
51,51,click,06-11-2024 22:52,4.2
52,52,purchase,2024-05-25 22:52:59,4
53,53,purchase,2024-06-18 22:52:59,4
54,54,view,2024-05-24 22:52:59,4.5
55,55,view,2024-05-20 22:52:59,
56,56,click,2024-05-20 22:52:59,3.9
57,57,purchase,2024-06-15 22:52:59,4.4
58,58,click,2024-05-30 22:52:59,3.7
59,59,view,2024-05-27 22:52:59,
60,60,rating,06-03-2024 22:52,3.5
61,61,view,2024-05-25 22:52:59,4
62,62,purchase,06-12-2024 22:52,4.3
63,63,click,2024-05-23 22:52:59,4
64,64,rating,2024-06-13 22:52:59,1
65,65,view,2024-05-31 22:52:59,
66,66,view,06-11-2024 22:52,3.9
67,67,rating,2024-06-16 22:52:59,4
68,68,click,2024-05-25 22:52:59,
69,69,view,2024-05-26 22:52:59,
70,70,rating,06-03-2024 22:52,4
71,71,purchase,2024-05-26 22:52:59,4.3
72,72,rating,06-03-2024 22:52,3.5
73,73,purchase,2024-05-23 22:52:59,3.6
74,74,click,2024-06-15 22:52:59,
75,75,purchase,06-05-2024 22:52,3
76,76,click,06-04-2024 22:52,4.3
77,77,purchase,2024-05-19 22:52:59,4.6
78,78,rating,2024-05-19 22:52:59,
79,79,view,2024-05-26 22:52:59,3.9
80,80,rating,06-05-2024 22:52,3.9
81,81,click,2024-05-27 22:52:59,
82,82,rating,06-03-2024 22:52,3.9
83,83,click,2024-05-27 22:52:59,
84,84,purchase,2024-05-25 22:52:59,
85,85,view,2024-06-13 22:52:59,
86,86,click,2024-05-30 22:52:59,
87,87,rating,2024-06-13 22:52:59,4.6
88,88,view,2024-05-19 22:52:59,4.2
89,89,rating,2024-06-16 22:52:59,
90,90,view,2024-06-14 22:52:59,
91,91,rating,2024-06-17 22:52:59,4.6
92,92,view,06-12-2024 22:52,5
93,93,click,06-04-2024 22:52,4.1
94,94,purchase,2024-05-19 22:52:59,1.5
95,95,view,06-07-2024 22:52,4
96,96,view,2024-05-25 22:52:59,
97,97,click,2024-05-26 22:52:59,4.4
98,98,click,06-08-2024 22:52,3.7
99,99,click,06-12-2024 22:52,4
100,100,purchase,06-10-2024 22:52,
101,101,purchase,06-02-2024 22:52,
102,102,view,2024-05-24 22:52:59,4.8
103,103,rating,2024-05-26 22:52:59,3.7
104,104,view,06-02-2024 22:52,4.4
105,105,rating,06-10-2024 22:52,3.6
106,106,rating,06-05-2024 22:52,
107,107,purchase,2024-05-24 22:52:59,3.6
108,108,rating,2024-05-21 22:52:59,3.3
109,109,purchase,2024-05-31 22:52:59,4
110,110,purchase,2024-05-31 22:52:59,4.6
111,111,click,2024-05-23 22:52:59,5
112,112,click,2024-05-24 22:52:59,4.2
113,113,rating,06-07-2024 22:52,
114,114,purchase,2024-06-18 22:52:59,4
115,115,view,06-12-2024 22:52,
116,116,rating,2024-05-24 22:52:59,4.3
117,117,purchase,2024-06-13 22:52:59,
118,118,purchase,2024-05-24 22:52:59,
119,119,view,2024-06-16 22:52:59,4.5
120,120,view,06-04-2024 22:52,3.8
121,121,view,06-02-2024 22:52,4.2
122,122,click,06-11-2024 22:52,
123,123,purchase,2024-06-18 22:52:59,3
124,124,view,06-09-2024 22:52,4.1
125,125,click,06-11-2024 22:52,3.9
126,126,view,06-12-2024 22:52,4.2
127,127,purchase,2024-05-27 22:52:59,
128,128,rating,2024-06-18 22:52:59,
129,129,purchase,2024-05-26 22:52:59,
130,130,view,2024-05-26 22:52:59,4.3
131,131,click,06-08-2024 22:52,
132,132,rating,2024-05-23 22:52:59,
133,133,click,06-09-2024 22:52,4.2
134,134,purchase,2024-06-16 22:52:59,4.4
135,135,view,2024-05-19 22:52:59,3.7
136,136,click,2024-06-17 22:52:59,
137,137,click,06-07-2024 22:52,
138,138,click,2024-05-25 22:52:59,3.9
139,139,purchase,2024-05-21 22:52:59,4.8
140,140,purchase,06-06-2024 22:52,3.6
141,141,view,2024-05-31 22:52:59,4.2
142,142,click,06-09-2024 22:52,4.1
143,143,rating,2024-05-24 22:52:59,3.9
144,144,rating,2024-05-28 22:52:59,4.2
145,145,click,06-05-2024 22:52,
146,146,click,2024-06-15 22:52:59,
147,147,rating,06-10-2024 22:52,4.5
148,148,rating,06-05-2024 22:52,3.7
149,149,purchase,2024-05-27 22:52:59,3.3
150,150,click,06-01-2024 22:52,
151,151,rating,2024-05-21 22:52:59,4.3
152,152,view,2024-05-25 22:52:59,3.5
153,153,rating,2024-05-25 22:52:59,
154,154,click,2024-06-17 22:52:59,4.3
155,155,rating,2024-06-15 22:52:59,
156,156,view,06-10-2024 22:52,4.5
157,157,click,06-10-2024 22:52,
158,158,purchase,2024-05-19 22:52:59,
159,159,click,06-01-2024 22:52,3.1
160,160,rating,06-10-2024 22:52,4.2
161,161,click,06-08-2024 22:52,3.7
162,162,view,06-06-2024 22:52,4.1
163,163,rating,06-10-2024 22:52,4.3
164,164,click,06-11-2024 22:52,
165,165,click,2024-05-23 22:52:59,4.3
166,166,rating,2024-05-31 22:52:59,4
167,167,view,06-02-2024 22:52,
168,168,click,06-02-2024 22:52,3.7
169,169,click,06-06-2024 22:52,3.6
170,170,click,06-10-2024 22:52,4
171,171,purchase,2024-06-16 22:52:59,3
172,172,rating,2024-05-26 22:52:59,4.4
173,173,click,2024-05-19 22:52:59,3.9
174,174,rating,2024-06-17 22:52:59,
175,175,purchase,2024-05-24 22:52:59,4.5
176,176,purchase,2024-05-28 22:52:59,4.3
177,177,view,2024-05-29 22:52:59,5
178,178,purchase,2024-05-24 22:52:59,
179,179,view,2024-05-23 22:52:59,4
180,180,view,06-07-2024 22:52,
181,181,purchase,2024-06-16 22:52:59,3.9
182,182,rating,06-06-2024 22:52,4.2
183,183,click,2024-05-30 22:52:59,
184,184,rating,06-11-2024 22:52,
185,185,view,2024-05-19 22:52:59,4.2
186,186,purchase,2024-05-24 22:52:59,4.4
187,187,view,06-07-2024 22:52,3.4
188,188,view,2024-05-31 22:52:59,
189,189,rating,06-08-2024 22:52,
190,190,click,2024-05-30 22:52:59,
191,191,rating,2024-06-18 22:52:59,2
192,192,rating,2024-06-13 22:52:59,4.2
193,193,click,06-12-2024 22:52,4.4
194,194,rating,2024-05-28 22:52:59,
195,195,rating,06-08-2024 22:52,
196,196,click,06-04-2024 22:52,
197,197,view,2024-06-18 22:52:59,4.3
198,198,rating,06-02-2024 22:52,3.6
199,199,rating,2024-05-23 22:52:59,3.7
200,200,purchase,06-04-2024 22:52,4.1
201,201,view,2024-05-22 22:52:59,
202,202,view,2024-05-27 22:52:59,
203,203,click,2024-05-29 22:52:59,4.4
204,204,purchase,2024-05-24 22:52:59,
205,205,view,06-12-2024 22:52,4
206,206,click,2024-05-22 22:52:59,4.3
207,207,purchase,2024-05-28 22:52:59,3.9
208,208,click,06-06-2024 22:52,3.7
209,209,view,06-09-2024 22:52,1.8
210,210,rating,2024-05-29 22:52:59,
211,211,rating,06-06-2024 22:52,4.2
212,212,purchase,06-07-2024 22:52,4.2
213,213,rating,2024-05-21 22:52:59,5
214,214,view,2024-05-29 22:52:59,
215,215,rating,06-01-2024 22:52,4.5
216,216,purchase,2024-05-25 22:52:59,4.3
217,217,rating,2024-06-13 22:52:59,4.8
218,218,click,2024-05-21 22:52:59,4.3
219,219,click,2024-05-25 22:52:59,4.1
220,220,rating,2024-06-14 22:52:59,
221,221,rating,2024-06-14 22:52:59,4.1
222,222,view,06-09-2024 22:52,
223,223,click,2024-05-20 22:52:59,4.1
224,224,view,2024-05-27 22:52:59,4.3
225,225,purchase,2024-06-16 22:52:59,
226,226,rating,06-04-2024 22:52,5
227,227,click,2024-06-14 22:52:59,3
228,228,click,2024-06-14 22:52:59,
229,229,view,06-05-2024 22:52,5
230,230,purchase,06-09-2024 22:52,
231,231,rating,2024-06-14 22:52:59,3.6
232,232,view,06-02-2024 22:52,
233,233,purchase,06-01-2024 22:52,4.3
234,234,click,2024-06-13 22:52:59,3.5
235,235,purchase,06-10-2024 22:52,4
236,236,rating,06-12-2024 22:52,4.4
237,237,click,2024-05-21 22:52:59,3.5
238,238,rating,06-10-2024 22:52,5
239,239,purchase,06-07-2024 22:52,
240,240,rating,2024-05-20 22:52:59,
241,241,view,2024-05-22 22:52:59,2.8
242,242,rating,06-03-2024 22:52,5
243,243,rating,2024-06-18 22:52:59,
244,244,purchase,06-03-2024 22:52,4.2
245,245,click,06-08-2024 22:52,
246,246,rating,06-03-2024 22:52,4
247,247,view,06-02-2024 22:52,4.3
248,248,view,2024-06-14 22:52:59,
249,249,view,2024-05-22 22:52:59,4.1
250,250,rating,06-01-2024 22:52,
251,251,purchase,2024-05-30 22:52:59,5
252,252,rating,2024-05-26 22:52:59,
253,253,view,2024-05-31 22:52:59,4.1
254,254,view,06-09-2024 22:52,
255,255,view,2024-06-16 22:52:59,4
256,256,click,2024-06-18 22:52:59,
257,257,view,06-03-2024 22:52,3.2
258,258,view,2024-06-13 22:52:59,4.2
259,259,click,2024-05-25 22:52:59,4.7
260,260,rating,2024-05-26 22:52:59,
261,261,view,2024-05-22 22:52:59,4.5
262,262,purchase,2024-05-23 22:52:59,4.4
263,263,purchase,2024-05-29 22:52:59,2.5
264,264,rating,06-08-2024 22:52,4.1
265,265,click,06-09-2024 22:52,5
266,266,click,06-03-2024 22:52,4.2
267,267,view,2024-05-26 22:52:59,4.4
268,268,click,06-04-2024 22:52,
269,269,click,06-04-2024 22:52,
270,270,rating,2024-05-27 22:52:59,4
271,271,click,2024-05-24 22:52:59,
272,272,click,06-07-2024 22:52,4.4
273,273,view,2024-06-15 22:52:59,
274,274,click,2024-06-14 22:52:59,4.5
275,275,click,2024-06-17 22:52:59,5
276,276,rating,06-09-2024 22:52,
277,277,click,2024-06-14 22:52:59,4.1
278,278,click,2024-05-30 22:52:59,
279,279,rating,06-09-2024 22:52,3.9
280,280,view,06-08-2024 22:52,3
281,281,click,2024-05-20 22:52:59,
282,282,view,2024-06-18 22:52:59,
283,283,rating,2024-05-19 22:52:59,3.5
284,284,click,2024-05-23 22:52:59,
285,285,click,2024-05-31 22:52:59,4.3
286,286,purchase,2024-05-29 22:52:59,4.3
287,287,view,2024-05-29 22:52:59,4.5
288,288,view,2024-06-14 22:52:59,5
289,289,click,2024-05-24 22:52:59,4.5
290,290,view,2024-05-26 22:52:59,
291,291,click,06-03-2024 22:52,
292,292,purchase,06-06-2024 22:52,3.3
293,293,rating,2024-06-14 22:52:59,
294,294,rating,06-01-2024 22:52,4.3
295,295,rating,2024-06-15 22:52:59,3.7
296,296,rating,2024-05-25 22:52:59,3.9
297,297,view,2024-05-22 22:52:59,
298,298,click,06-02-2024 22:52,1
299,299,purchase,06-06-2024 22:52,1
300,300,rating,06-04-2024 22:52,4.1
301,301,view,2024-05-26 22:52:59,3.9
302,302,rating,2024-05-24 22:52:59,4.3
303,303,click,2024-06-14 22:52:59,5
304,304,click,2024-06-15 22:52:59,3
305,305,rating,2024-05-22 22:52:59,4.2
306,306,purchase,2024-06-13 22:52:59,2.5
307,307,rating,06-11-2024 22:52,
308,308,purchase,2024-06-13 22:52:59,4.4
309,309,rating,2024-05-26 22:52:59,4.3
310,310,click,2024-05-31 22:52:59,
311,311,click,06-01-2024 22:52,2.6
312,312,view,2024-05-27 22:52:59,4.3
313,313,purchase,06-02-2024 22:52,
314,314,purchase,06-06-2024 22:52,
315,315,rating,2024-05-21 22:52:59,
316,316,view,2024-06-13 22:52:59,3.6
317,317,click,06-06-2024 22:52,
318,318,view,2024-05-25 22:52:59,4.2
319,319,click,2024-05-19 22:52:59,4.1
320,320,view,2024-05-21 22:52:59,4.3
321,321,view,2024-05-28 22:52:59,
322,322,rating,2024-05-25 22:52:59,2.8
323,323,rating,06-03-2024 22:52,
324,324,view,06-04-2024 22:52,
325,325,view,2024-05-21 22:52:59,3.8
326,326,view,2024-05-30 22:52:59,
327,327,view,06-06-2024 22:52,
328,328,purchase,2024-05-20 22:52:59,
329,329,view,06-07-2024 22:52,4.5
330,330,rating,2024-06-13 22:52:59,
331,331,purchase,2024-05-25 22:52:59,
332,332,purchase,06-01-2024 22:52,3.5
333,333,click,2024-05-29 22:52:59,
334,334,view,06-04-2024 22:52,4
335,335,click,06-02-2024 22:52,4.1
336,336,view,06-12-2024 22:52,
337,337,rating,06-08-2024 22:52,2.5
338,338,click,06-02-2024 22:52,
339,339,purchase,2024-05-19 22:52:59,4.2
340,340,click,2024-06-17 22:52:59,4.5
341,341,view,2024-05-24 22:52:59,4.1
342,342,click,06-10-2024 22:52,2.4
343,343,click,06-12-2024 22:52,
344,344,purchase,2024-05-25 22:52:59,4.2
345,345,rating,2024-05-22 22:52:59,4.3
346,346,rating,2024-06-16 22:52:59,3.5
347,347,view,06-08-2024 22:52,
348,348,rating,2024-05-19 22:52:59,5
349,349,rating,2024-05-24 22:52:59,3.4
350,350,rating,2024-06-15 22:52:59,
351,351,purchase,2024-06-17 22:52:59,4.2
352,352,rating,2024-06-14 22:52:59,
353,353,purchase,2024-05-30 22:52:59,4
354,354,rating,2024-05-31 22:52:59,4.3
355,355,view,2024-05-24 22:52:59,4.3
356,356,purchase,06-05-2024 22:52,4.2
357,357,click,2024-05-19 22:52:59,4
358,358,click,06-01-2024 22:52,4.1
359,359,rating,06-05-2024 22:52,5
360,360,click,2024-05-28 22:52:59,5
361,361,click,2024-06-13 22:52:59,
362,362,view,2024-06-14 22:52:59,4.1
363,363,view,06-04-2024 22:52,4.1
364,364,rating,2024-06-13 22:52:59,
365,365,purchase,06-06-2024 22:52,
366,366,view,06-11-2024 22:52,2
367,367,view,2024-05-28 22:52:59,3.8
368,368,click,2024-06-17 22:52:59,4.3
369,369,purchase,06-09-2024 22:52,
370,370,click,2024-05-31 22:52:59,5
371,371,click,2024-05-29 22:52:59,4.2
372,372,rating,06-09-2024 22:52,4.3
373,373,click,2024-05-25 22:52:59,
374,374,click,2024-05-24 22:52:59,4
375,375,rating,2024-05-26 22:52:59,4
376,376,click,2024-05-30 22:52:59,3.5
377,377,view,06-08-2024 22:52,4.1
378,378,view,06-02-2024 22:52,
379,379,rating,06-06-2024 22:52,
380,380,click,2024-05-23 22:52:59,
381,381,rating,06-09-2024 22:52,
382,382,click,2024-06-14 22:52:59,
383,383,rating,2024-06-15 22:52:59,4
384,384,rating,06-06-2024 22:52,4.4
385,385,purchase,2024-05-29 22:52:59,4.3
386,386,purchase,06-02-2024 22:52,
387,387,click,06-12-2024 22:52,4.3
388,388,click,06-09-2024 22:52,
389,389,rating,2024-06-13 22:52:59,
390,390,rating,2024-05-19 22:52:59,
391,391,click,06-08-2024 22:52,
392,392,purchase,2024-05-21 22:52:59,4.1
393,393,purchase,2024-06-17 22:52:59,
394,394,view,2024-05-30 22:52:59,4.1
395,395,rating,2024-05-29 22:52:59,3.4
396,396,purchase,2024-05-19 22:52:59,4
397,397,click,2024-05-31 22:52:59,4.9
398,398,click,06-04-2024 22:52,3.8
399,399,rating,06-02-2024 22:52,4.3
400,400,purchase,2024-06-15 22:52:59,5
401,401,purchase,2024-06-13 22:52:59,3.9
402,402,click,2024-05-27 22:52:59,3.3
403,403,rating,2024-05-21 22:52:59,4
404,404,purchase,06-03-2024 22:52,3.8
405,405,purchase,06-07-2024 22:52,4.2
406,406,view,06-02-2024 22:52,
407,407,click,2024-05-29 22:52:59,4.1
408,408,click,2024-05-26 22:52:59,3.8
409,409,click,06-09-2024 22:52,
410,410,click,06-10-2024 22:52,3.8
411,411,click,06-06-2024 22:52,4.1
412,412,rating,06-06-2024 22:52,4.3
413,413,rating,2024-06-15 22:52:59,3.5
414,414,purchase,06-01-2024 22:52,
415,415,purchase,2024-05-20 22:52:59,3.6
416,416,purchase,2024-05-30 22:52:59,4.2
417,417,purchase,06-07-2024 22:52,
418,418,click,06-12-2024 22:52,
419,419,click,06-12-2024 22:52,2
420,420,view,2024-06-17 22:52:59,4.1
421,421,view,06-01-2024 22:52,3
422,422,purchase,2024-05-23 22:52:59,3.7
423,423,view,2024-06-15 22:52:59,
424,424,purchase,2024-05-28 22:52:59,
425,425,purchase,2024-06-18 22:52:59,3.8
426,426,rating,06-11-2024 22:52,4.1
427,427,view,2024-05-31 22:52:59,
428,428,click,06-07-2024 22:52,3.9
429,429,click,2024-06-14 22:52:59,4.2
430,430,purchase,2024-05-19 22:52:59,3.8
431,431,rating,06-12-2024 22:52,4.4
432,432,rating,06-11-2024 22:52,4.3
433,433,purchase,2024-06-15 22:52:59,3.1
434,434,rating,2024-05-30 22:52:59,
435,435,click,06-04-2024 22:52,1
436,436,rating,06-07-2024 22:52,3.9
437,437,view,2024-05-30 22:52:59,4.1
438,438,click,06-07-2024 22:52,4.2
439,439,click,06-12-2024 22:52,4
440,440,rating,2024-06-18 22:52:59,2.8
441,441,purchase,2024-05-19 22:52:59,4.2
442,442,rating,06-08-2024 22:52,4.4
443,443,view,2024-05-26 22:52:59,
444,444,rating,06-09-2024 22:52,5
445,445,purchase,2024-05-27 22:52:59,4
446,446,view,06-01-2024 22:52,
447,447,view,2024-05-19 22:52:59,4.2
448,448,rating,2024-06-17 22:52:59,4.4
449,449,rating,2024-05-21 22:52:59,4.3
450,450,rating,2024-05-28 22:52:59,3.8
451,451,rating,2024-05-23 22:52:59,1
452,452,view,2024-05-24 22:52:59,3.5
453,453,view,2024-05-26 22:52:59,
454,454,rating,2024-05-19 22:52:59,
455,455,click,2024-05-31 22:52:59,
456,456,purchase,06-09-2024 22:52,4.2
457,457,view,06-04-2024 22:52,
458,458,view,06-09-2024 22:52,
459,459,rating,06-08-2024 22:52,4
460,460,click,2024-06-18 22:52:59,4
461,461,view,2024-06-17 22:52:59,
462,462,purchase,2024-05-19 22:52:59,4.4
463,463,view,06-10-2024 22:52,
464,464,view,06-10-2024 22:52,5
465,465,purchase,06-09-2024 22:52,4.3
466,466,click,2024-05-21 22:52:59,4.5
467,467,rating,06-05-2024 22:52,4.1
468,468,click,2024-05-24 22:52:59,
469,469,view,06-02-2024 22:52,4.8
470,470,purchase,06-04-2024 22:52,
471,471,rating,06-08-2024 22:52,4.4
472,472,view,2024-06-18 22:52:59,
473,473,rating,06-11-2024 22:52,4.2
474,474,purchase,06-08-2024 22:52,4.3
475,475,purchase,2024-06-16 22:52:59,4.2
476,476,view,2024-06-15 22:52:59,4
477,477,view,2024-05-31 22:52:59,4.4
478,478,view,2024-05-25 22:52:59,3.4
479,479,click,2024-05-20 22:52:59,4.1
480,480,view,2024-05-26 22:52:59,3.8
481,481,rating,2024-05-19 22:52:59,
482,482,view,2024-05-29 22:52:59,3.9
483,483,purchase,06-02-2024 22:52,4
484,484,rating,06-05-2024 22:52,4.7
485,485,rating,2024-05-25 22:52:59,4
486,486,purchase,2024-05-27 22:52:59,4.7
487,487,purchase,06-11-2024 22:52,3
488,488,view,2024-05-22 22:52:59,3.5
489,489,view,2024-05-23 22:52:59,
490,490,click,2024-06-18 22:52:59,4.4
491,491,purchase,06-11-2024 22:52,4.1
492,492,purchase,2024-06-16 22:52:59,3.8
493,493,click,06-11-2024 22:52,4.2
494,494,purchase,2024-06-13 22:52:59,3.9
495,495,rating,06-04-2024 22:52,
496,496,rating,2024-06-14 22:52:59,2.3
497,497,rating,2024-06-15 22:52:59,
498,498,rating,06-09-2024 22:52,4.3
499,499,click,2024-05-30 22:52:59,
500,500,click,06-06-2024 22:52,4.4
501,501,purchase,2024-06-13 22:52:59,4.4
502,502,view,2024-05-31 22:52:59,4
503,503,view,06-03-2024 22:52,5
504,504,click,2024-05-19 22:52:59,4.4
505,505,click,06-12-2024 22:52,4.2
506,506,rating,2024-05-27 22:52:59,4.2
507,507,rating,2024-06-13 22:52:59,
508,508,view,06-11-2024 22:52,3.7
509,509,purchase,2024-05-20 22:52:59,
510,510,rating,2024-05-21 22:52:59,4.3
511,511,click,06-05-2024 22:52,3.8
512,512,rating,06-03-2024 22:52,
513,513,click,2024-05-31 22:52:59,
514,514,view,06-10-2024 22:52,4.2
515,515,click,2024-05-28 22:52:59,4.1
516,516,rating,06-11-2024 22:52,4.3
517,517,view,06-08-2024 22:52,2.8
518,518,rating,2024-05-27 22:52:59,4.7
519,519,rating,2024-05-21 22:52:59,4.5
520,520,view,06-08-2024 22:52,3.5
521,521,purchase,2024-05-25 22:52:59,3.5
522,522,rating,2024-06-14 22:52:59,4.3
523,523,view,06-09-2024 22:52,4.7
524,524,view,06-04-2024 22:52,
525,525,purchase,2024-06-18 22:52:59,4.8
526,526,rating,2024-05-21 22:52:59,4.1
527,527,click,2024-05-22 22:52:59,4.6
528,528,view,2024-05-19 22:52:59,4
529,529,rating,2024-05-26 22:52:59,3
530,530,view,2024-06-13 22:52:59,4.1
531,531,view,2024-06-15 22:52:59,3.7
532,532,click,06-01-2024 22:52,
533,533,click,06-03-2024 22:52,
534,534,click,06-12-2024 22:52,5
535,535,click,2024-06-17 22:52:59,4
536,536,view,2024-05-28 22:52:59,5
537,537,click,2024-05-25 22:52:59,5
538,538,click,2024-06-13 22:52:59,5
539,539,purchase,2024-05-30 22:52:59,4.4
540,540,view,2024-05-31 22:52:59,3.8
541,541,view,06-11-2024 22:52,4.5
542,542,view,2024-05-24 22:52:59,2.8
543,543,rating,2024-06-13 22:52:59,4
544,544,rating,06-01-2024 22:52,4.3
545,545,purchase,06-04-2024 22:52,4.2
546,546,purchase,2024-05-26 22:52:59,
547,547,rating,06-02-2024 22:52,
548,548,view,2024-06-15 22:52:59,3.3
549,549,purchase,2024-06-14 22:52:59,4.2
550,550,view,06-10-2024 22:52,3.5
551,551,view,06-03-2024 22:52,
552,552,view,2024-05-20 22:52:59,
553,553,purchase,2024-05-31 22:52:59,2
554,554,rating,2024-05-21 22:52:59,
555,555,click,2024-05-29 22:52:59,
556,556,view,2024-05-29 22:52:59,
557,557,rating,06-06-2024 22:52,3
558,558,rating,06-07-2024 22:52,
559,559,rating,2024-05-26 22:52:59,2.5
560,560,rating,2024-05-25 22:52:59,4.3
561,561,click,2024-05-24 22:52:59,
562,562,view,06-12-2024 22:52,4.5
563,563,click,06-03-2024 22:52,4.2
564,564,purchase,06-06-2024 22:52,
565,565,purchase,06-06-2024 22:52,4.5
566,566,click,2024-05-21 22:52:59,
567,567,click,06-12-2024 22:52,5
568,568,rating,06-09-2024 22:52,
569,569,view,06-09-2024 22:52,
570,570,click,2024-05-29 22:52:59,4.3
571,571,view,06-11-2024 22:52,2
572,572,click,06-04-2024 22:52,4.1
573,573,purchase,06-04-2024 22:52,
574,574,click,2024-05-28 22:52:59,
575,575,purchase,2024-06-14 22:52:59,2.8
576,576,purchase,06-03-2024 22:52,3.6
577,577,view,06-04-2024 22:52,4.3
578,578,click,2024-05-27 22:52:59,3.5
579,579,view,2024-05-31 22:52:59,
580,580,rating,2024-05-31 22:52:59,4
581,581,view,06-07-2024 22:52,
582,582,rating,2024-05-23 22:52:59,4
583,583,purchase,2024-05-31 22:52:59,4.5
584,584,rating,2024-05-19 22:52:59,
585,585,click,2024-05-19 22:52:59,4.5
586,586,purchase,2024-05-26 22:52:59,4.1
587,587,rating,06-04-2024 22:52,
588,588,rating,06-08-2024 22:52,
589,589,click,2024-05-23 22:52:59,4.2
590,590,purchase,2024-05-24 22:52:59,
591,591,click,2024-06-13 22:52:59,4.5
592,592,purchase,06-01-2024 22:52,4
593,593,rating,06-06-2024 22:52,4.8
594,594,rating,2024-05-27 22:52:59,5
595,595,view,2024-05-24 22:52:59,4.1
596,596,click,2024-05-22 22:52:59,3.9
597,597,click,06-05-2024 22:52,3
598,598,purchase,2024-05-31 22:52:59,4.2
599,599,purchase,2024-05-25 22:52:59,3.1
600,600,click,2024-05-22 22:52:59,3.6
601,601,purchase,2024-06-14 22:52:59,
602,602,click,06-06-2024 22:52,
603,603,rating,06-01-2024 22:52,
604,604,purchase,2024-05-24 22:52:59,4.3
605,605,view,2024-06-14 22:52:59,4
606,606,view,2024-05-24 22:52:59,4.1
607,607,click,2024-05-29 22:52:59,
608,608,purchase,2024-06-17 22:52:59,4
609,609,view,06-07-2024 22:52,4.1
610,610,purchase,2024-06-14 22:52:59,
611,611,view,06-08-2024 22:52,
612,612,rating,2024-05-20 22:52:59,5
613,613,purchase,2024-06-18 22:52:59,2.8
614,614,click,06-05-2024 22:52,
615,615,view,2024-05-26 22:52:59,3.6
616,616,click,06-05-2024 22:52,
617,617,rating,2024-05-24 22:52:59,5
618,618,click,2024-05-27 22:52:59,
619,619,view,06-02-2024 22:52,2.8
620,620,click,06-05-2024 22:52,4
621,621,view,06-10-2024 22:52,
622,622,click,2024-05-19 22:52:59,
623,623,view,2024-05-19 22:52:59,
624,624,click,06-12-2024 22:52,
625,625,click,2024-05-28 22:52:59,4.2
626,626,rating,2024-06-18 22:52:59,
627,627,view,06-03-2024 22:52,3.7
628,628,purchase,2024-05-29 22:52:59,
629,629,view,06-05-2024 22:52,4.1
630,630,purchase,06-11-2024 22:52,
631,631,purchase,06-06-2024 22:52,
632,632,purchase,2024-05-31 22:52:59,4
633,633,rating,2024-05-28 22:52:59,
634,634,view,06-04-2024 22:52,
635,635,view,2024-05-26 22:52:59,4.4
636,636,purchase,06-01-2024 22:52,4.3
637,637,purchase,2024-06-15 22:52:59,4
638,638,view,2024-06-18 22:52:59,3.1
639,639,click,06-10-2024 22:52,
640,640,purchase,2024-06-17 22:52:59,4.4
641,641,purchase,06-07-2024 22:52,4.3
642,642,rating,06-02-2024 22:52,
643,643,rating,2024-05-30 22:52:59,
644,644,click,06-08-2024 22:52,3.8
645,645,purchase,2024-05-30 22:52:59,3.9
646,646,rating,06-06-2024 22:52,3.9
647,647,view,2024-05-20 22:52:59,
648,648,rating,2024-06-15 22:52:59,3.3
649,649,purchase,2024-06-13 22:52:59,3.8
650,650,rating,06-04-2024 22:52,
651,651,rating,2024-05-21 22:52:59,
652,652,rating,06-12-2024 22:52,
653,653,rating,2024-05-29 22:52:59,3.3
654,654,purchase,2024-05-25 22:52:59,4.1
655,655,rating,06-04-2024 22:52,4.2
656,656,rating,06-04-2024 22:52,4
657,657,rating,06-01-2024 22:52,
658,658,purchase,2024-05-30 22:52:59,
659,659,rating,2024-05-28 22:52:59,3.6
660,660,click,06-09-2024 22:52,2
661,661,click,2024-06-18 22:52:59,4.3
662,662,purchase,2024-05-22 22:52:59,4.2
663,663,rating,06-03-2024 22:52,3
664,664,view,06-02-2024 22:52,
665,665,click,06-03-2024 22:52,5
666,666,purchase,2024-06-16 22:52:59,4.3
667,667,click,2024-06-15 22:52:59,
668,668,purchase,2024-05-28 22:52:59,
669,669,view,2024-05-31 22:52:59,
670,670,rating,2024-05-20 22:52:59,3.7
671,671,rating,2024-05-25 22:52:59,3.6
672,672,purchase,2024-06-14 22:52:59,4.2
673,673,rating,2024-06-14 22:52:59,3.2
674,674,click,06-10-2024 22:52,4
675,675,view,2024-05-30 22:52:59,3.3
676,676,purchase,2024-05-26 22:52:59,4
677,677,view,2024-06-15 22:52:59,3.5
678,678,rating,2024-06-17 22:52:59,4
679,679,view,2024-06-14 22:52:59,4
680,680,rating,06-05-2024 22:52,4.3
681,681,purchase,2024-05-29 22:52:59,3.5
682,682,click,06-05-2024 22:52,
683,683,purchase,06-05-2024 22:52,3
684,684,rating,2024-05-23 22:52:59,
685,685,rating,06-10-2024 22:52,4.4
686,686,click,2024-05-21 22:52:59,4.2
687,687,click,06-01-2024 22:52,
688,688,view,06-05-2024 22:52,
689,689,view,06-07-2024 22:52,
690,690,rating,06-03-2024 22:52,
691,691,click,2024-06-17 22:52:59,
692,692,click,2024-06-14 22:52:59,3.7
693,693,view,06-06-2024 22:52,4.3
694,694,click,2024-05-25 22:52:59,
695,695,rating,06-06-2024 22:52,
696,696,purchase,2024-05-26 22:52:59,4.1
697,697,rating,2024-05-25 22:52:59,4
698,698,click,06-08-2024 22:52,4.2
699,699,purchase,2024-06-13 22:52:59,1
700,700,view,2024-05-21 22:52:59,
701,701,view,06-06-2024 22:52,4.3
702,702,view,2024-05-22 22:52:59,4
703,703,click,2024-06-14 22:52:59,
704,704,click,2024-05-28 22:52:59,3.9
705,705,click,2024-05-25 22:52:59,4.2
706,706,purchase,2024-05-20 22:52:59,3.9
707,707,view,2024-05-28 22:52:59,4.1
708,708,view,06-08-2024 22:52,1
709,709,click,2024-05-21 22:52:59,4.2
710,710,view,2024-05-31 22:52:59,
711,711,view,2024-05-24 22:52:59,1
712,712,click,06-06-2024 22:52,3.9
713,713,view,06-01-2024 22:52,
714,714,click,06-04-2024 22:52,
715,715,click,06-01-2024 22:52,
716,716,purchase,2024-05-29 22:52:59,4.3
717,717,view,06-10-2024 22:52,4.1
718,718,view,2024-05-26 22:52:59,
719,719,view,2024-05-30 22:52:59,
720,720,rating,06-02-2024 22:52,
721,721,click,06-07-2024 22:52,
722,722,purchase,2024-05-28 22:52:59,4
723,723,view,2024-06-17 22:52:59,4
724,724,click,2024-05-27 22:52:59,
725,725,purchase,2024-05-29 22:52:59,
726,726,rating,2024-05-25 22:52:59,4.1
727,727,click,2024-05-31 22:52:59,3.1
728,728,purchase,2024-05-27 22:52:59,4.2
729,729,rating,06-07-2024 22:52,4.1
730,730,purchase,2024-06-15 22:52:59,4
731,731,purchase,2024-05-24 22:52:59,4
732,732,view,06-10-2024 22:52,4.2
733,733,purchase,06-11-2024 22:52,3.9
734,734,click,2024-06-18 22:52:59,
735,735,view,06-05-2024 22:52,5
736,736,rating,2024-05-19 22:52:59,
737,737,rating,06-09-2024 22:52,4.5
738,738,rating,06-02-2024 22:52,4.5
739,739,click,06-10-2024 22:52,
740,740,view,2024-06-18 22:52:59,4.3
741,741,purchase,2024-06-15 22:52:59,3.7
742,742,rating,06-01-2024 22:52,4.3
743,743,view,2024-05-22 22:52:59,
744,744,view,06-05-2024 22:52,4
745,745,purchase,2024-05-20 22:52:59,
746,746,click,06-11-2024 22:52,
747,747,rating,06-04-2024 22:52,4
748,748,click,2024-06-17 22:52:59,4.3
749,749,purchase,2024-05-27 22:52:59,
750,750,click,2024-05-31 22:52:59,
751,751,rating,2024-05-27 22:52:59,
752,752,view,06-02-2024 22:52,4.2
753,753,purchase,06-01-2024 22:52,
754,754,click,06-09-2024 22:52,
755,755,rating,2024-06-15 22:52:59,
756,756,click,2024-06-13 22:52:59,2.2
757,757,click,06-07-2024 22:52,3.7
758,758,view,2024-05-19 22:52:59,4.4
759,759,view,06-11-2024 22:52,4.5
760,760,click,2024-05-26 22:52:59,1
761,761,purchase,2024-06-14 22:52:59,
762,762,view,2024-05-25 22:52:59,4.1
763,763,rating,2024-05-27 22:52:59,4
764,764,rating,2024-05-21 22:52:59,4
765,765,view,2024-06-15 22:52:59,
766,766,purchase,06-11-2024 22:52,5
767,767,view,06-02-2024 22:52,
768,768,rating,06-12-2024 22:52,
769,769,view,06-06-2024 22:52,3
770,770,rating,2024-05-31 22:52:59,
771,771,click,2024-06-14 22:52:59,4
772,772,view,2024-05-31 22:52:59,4.3
773,773,click,2024-05-26 22:52:59,4.2
774,774,click,06-05-2024 22:52,
775,775,purchase,2024-05-22 22:52:59,
776,776,view,06-11-2024 22:52,
777,777,rating,06-11-2024 22:52,4
778,778,purchase,2024-05-24 22:52:59,4.2
779,779,click,2024-05-31 22:52:59,5
780,780,click,06-04-2024 22:52,4.1
781,781,purchase,2024-05-28 22:52:59,3
782,782,view,06-05-2024 22:52,3.7
783,783,rating,2024-05-19 22:52:59,3.6
784,784,rating,06-07-2024 22:52,5
785,785,rating,2024-05-19 22:52:59,
786,786,view,2024-05-29 22:52:59,4.2
787,787,rating,2024-06-14 22:52:59,3.8
788,788,view,2024-06-17 22:52:59,
789,789,purchase,2024-05-25 22:52:59,
790,790,purchase,2024-06-13 22:52:59,3.6
791,791,view,06-12-2024 22:52,
792,792,view,2024-06-15 22:52:59,
793,793,view,2024-05-28 22:52:59,
794,794,rating,06-10-2024 22:52,4.3
795,795,click,06-05-2024 22:52,
796,796,view,06-03-2024 22:52,2.2
797,797,purchase,06-11-2024 22:52,
798,798,view,2024-06-17 22:52:59,3.8
799,799,rating,2024-05-25 22:52:59,4.8
800,800,rating,2024-06-13 22:52:59,4.5
801,801,view,2024-06-18 22:52:59,
802,802,purchase,2024-06-14 22:52:59,
803,803,view,06-04-2024 22:52,4
804,804,click,2024-05-30 22:52:59,4.3
805,805,click,2024-05-30 22:52:59,
806,806,click,2024-05-22 22:52:59,4.4
807,807,click,2024-05-30 22:52:59,5
808,808,rating,2024-06-18 22:52:59,4
809,809,purchase,2024-06-14 22:52:59,4.2
810,810,rating,06-06-2024 22:52,4
811,811,purchase,2024-05-19 22:52:59,4.3
812,812,click,2024-05-23 22:52:59,3.8
813,813,rating,06-10-2024 22:52,3.8
814,814,purchase,2024-05-23 22:52:59,3.2
815,815,purchase,06-03-2024 22:52,3
816,816,rating,2024-05-20 22:52:59,4.1
817,817,view,2024-05-23 22:52:59,4.4
818,818,view,2024-06-18 22:52:59,3.9
819,819,purchase,06-10-2024 22:52,3.5
820,820,purchase,06-02-2024 22:52,
821,821,click,2024-05-29 22:52:59,
822,822,view,2024-05-22 22:52:59,4
823,823,rating,2024-05-25 22:52:59,4
824,824,click,2024-06-14 22:52:59,
825,825,click,2024-05-20 22:52:59,4.2
826,826,click,06-05-2024 22:52,
827,827,click,06-09-2024 22:52,4.3
828,828,rating,2024-05-22 22:52:59,3.7
829,829,rating,06-06-2024 22:52,2.9
830,830,click,2024-05-31 22:52:59,3.8
831,831,click,2024-06-13 22:52:59,4.3
832,832,click,2024-05-29 22:52:59,4.8
833,833,view,06-11-2024 22:52,4.3
834,834,view,2024-06-17 22:52:59,
835,835,view,2024-06-17 22:52:59,4.2
836,836,click,06-11-2024 22:52,4
837,837,click,2024-05-29 22:52:59,
838,838,purchase,06-04-2024 22:52,4.3
839,839,click,2024-05-24 22:52:59,2
840,840,rating,2024-06-13 22:52:59,
841,841,rating,06-07-2024 22:52,
842,842,view,2024-05-25 22:52:59,
843,843,rating,2024-06-16 22:52:59,4.2
844,844,click,06-06-2024 22:52,4.4
845,845,click,2024-05-24 22:52:59,2.5
846,846,view,2024-05-27 22:52:59,3.9
847,847,rating,2024-06-13 22:52:59,2.8
848,848,purchase,06-01-2024 22:52,4.3
849,849,click,2024-05-28 22:52:59,
850,850,view,2024-05-29 22:52:59,3.5
851,851,view,2024-05-30 22:52:59,3.9
852,852,view,06-07-2024 22:52,
853,853,purchase,06-08-2024 22:52,
854,854,click,06-10-2024 22:52,
855,855,click,2024-05-20 22:52:59,4.5
856,856,rating,06-08-2024 22:52,
857,857,purchase,2024-05-27 22:52:59,4.2
858,858,click,06-02-2024 22:52,
859,859,click,2024-05-19 22:52:59,3.8
860,860,click,2024-06-14 22:52:59,3.8
861,861,view,06-02-2024 22:52,
862,862,rating,2024-05-24 22:52:59,5
863,863,rating,06-06-2024 22:52,
864,864,click,2024-05-21 22:52:59,2
865,865,view,06-10-2024 22:52,4.7
866,866,click,2024-05-24 22:52:59,4.4
867,867,view,06-06-2024 22:52,4.3
868,868,click,2024-05-23 22:52:59,2
869,869,purchase,2024-05-28 22:52:59,4.2
870,870,purchase,2024-06-17 22:52:59,5
871,871,click,2024-06-13 22:52:59,
872,872,view,2024-05-19 22:52:59,4.6
873,873,rating,2024-05-24 22:52:59,4.3
874,874,rating,2024-06-17 22:52:59,3.7
875,875,click,2024-05-29 22:52:59,
876,876,view,06-04-2024 22:52,5
877,877,rating,06-08-2024 22:52,3.7
878,878,view,06-11-2024 22:52,
879,879,view,2024-06-14 22:52:59,4.3
880,880,click,06-04-2024 22:52,2.5
881,881,rating,06-12-2024 22:52,
882,882,purchase,2024-05-28 22:52:59,3.8
883,883,click,06-04-2024 22:52,4.5
884,884,rating,2024-05-23 22:52:59,3.3
885,885,rating,2024-05-21 22:52:59,3.2
886,886,purchase,06-12-2024 22:52,
887,887,view,06-11-2024 22:52,3.9
888,888,click,2024-05-25 22:52:59,
889,889,click,06-12-2024 22:52,
890,890,purchase,06-01-2024 22:52,3.9
891,891,view,2024-05-26 22:52:59,3.8
892,892,view,2024-05-19 22:52:59,
893,893,purchase,06-02-2024 22:52,3.8
894,894,click,2024-06-13 22:52:59,
895,895,click,06-03-2024 22:52,
896,896,purchase,2024-06-14 22:52:59,3.6
897,897,rating,2024-06-16 22:52:59,4.2
898,898,rating,06-12-2024 22:52,3.9
899,899,view,2024-06-13 22:52:59,4.2
900,900,view,2024-05-28 22:52:59,
901,901,rating,06-11-2024 22:52,3.6
902,902,view,2024-05-31 22:52:59,
903,903,view,06-08-2024 22:52,3.9
904,904,purchase,2024-05-27 22:52:59,
905,905,rating,06-04-2024 22:52,2
906,906,rating,06-12-2024 22:52,4.2
907,907,rating,06-04-2024 22:52,4.3
908,908,rating,06-04-2024 22:52,
909,909,rating,06-09-2024 22:52,4.2
910,910,click,2024-05-19 22:52:59,4.4
911,911,click,06-10-2024 22:52,2.3
912,912,click,2024-05-28 22:52:59,
913,913,purchase,2024-06-16 22:52:59,4.1
914,914,view,06-11-2024 22:52,
915,915,purchase,06-09-2024 22:52,
916,916,view,06-11-2024 22:52,
917,917,click,2024-05-23 22:52:59,
918,918,click,06-08-2024 22:52,2.3
919,919,view,2024-05-24 22:52:59,
920,920,rating,06-07-2024 22:52,2
921,921,view,06-04-2024 22:52,4.3
922,922,view,2024-06-17 22:52:59,4.2
923,923,rating,06-12-2024 22:52,3.5
924,924,rating,06-06-2024 22:52,4.3
925,925,rating,2024-06-13 22:52:59,5
926,926,click,2024-06-13 22:52:59,2.3
927,927,purchase,2024-06-17 22:52:59,4.2
928,928,purchase,2024-05-21 22:52:59,3.9
929,929,purchase,06-02-2024 22:52,3.9
930,930,click,2024-05-24 22:52:59,3.3
931,931,click,2024-05-20 22:52:59,3.8
932,932,purchase,06-07-2024 22:52,
933,933,rating,2024-05-19 22:52:59,
934,934,click,06-08-2024 22:52,4.3
935,935,purchase,2024-05-31 22:52:59,
936,936,rating,06-09-2024 22:52,3.4
937,937,view,06-01-2024 22:52,4.6
938,938,click,06-05-2024 22:52,3.5
939,939,purchase,06-07-2024 22:52,4.5
940,940,rating,06-11-2024 22:52,3.9
941,941,click,06-12-2024 22:52,4.2
942,942,click,06-07-2024 22:52,
943,943,click,2024-05-31 22:52:59,4
944,944,rating,2024-05-20 22:52:59,3.7
945,945,view,06-08-2024 22:52,3.6
946,946,click,2024-05-24 22:52:59,1
947,947,rating,2024-05-26 22:52:59,4
948,948,rating,06-05-2024 22:52,3
949,949,purchase,2024-06-16 22:52:59,4.2
950,950,click,2024-05-31 22:52:59,3
951,951,click,06-01-2024 22:52,4
952,952,purchase,2024-05-28 22:52:59,3.3
953,953,purchase,06-06-2024 22:52,3.4
954,954,click,2024-05-20 22:52:59,
955,955,click,06-06-2024 22:52,4.4
956,956,purchase,06-12-2024 22:52,3.7
957,957,view,2024-05-23 22:52:59,
958,958,view,2024-05-21 22:52:59,3.7
959,959,rating,2024-05-23 22:52:59,
960,960,purchase,2024-06-16 22:52:59,4.3
961,961,click,2024-05-21 22:52:59,3.7
962,962,purchase,2024-05-25 22:52:59,4.5
963,963,click,2024-05-26 22:52:59,
964,964,click,2024-05-22 22:52:59,4.5
965,965,click,2024-05-21 22:52:59,3
966,966,click,06-06-2024 22:52,3.5
967,967,click,06-09-2024 22:52,3
968,968,click,2024-05-25 22:52:59,3.8
969,969,view,2024-05-25 22:52:59,
970,970,view,06-04-2024 22:52,5
971,971,purchase,2024-05-25 22:52:59,3.9
972,972,click,06-10-2024 22:52,
973,973,view,2024-06-13 22:52:59,4.5
974,974,click,2024-06-17 22:52:59,
975,975,click,2024-05-28 22:52:59,
976,976,view,06-02-2024 22:52,
977,977,rating,2024-05-22 22:52:59,3.2
978,978,rating,06-05-2024 22:52,5
979,979,rating,2024-05-27 22:52:59,4.1
980,980,rating,2024-05-20 22:52:59,4.2
981,981,rating,06-01-2024 22:52,4.1
982,982,click,06-11-2024 22:52,4.1
983,983,view,2024-06-16 22:52:59,3
984,984,view,2024-05-21 22:52:59,
985,985,purchase,2024-06-15 22:52:59,
986,986,click,06-03-2024 22:52,4.4
987,987,purchase,06-05-2024 22:52,5
988,988,rating,06-09-2024 22:52,4
989,989,view,2024-06-14 22:52:59,4.1
990,990,click,2024-05-30 22:52:59,4.2
991,991,rating,06-04-2024 22:52,
992,992,purchase,06-12-2024 22:52,
993,993,purchase,2024-06-15 22:52:59,
994,994,purchase,2024-05-31 22:52:59,1
995,995,purchase,2024-05-20 22:52:59,4.2
996,996,rating,2024-05-30 22:52:59,5
997,997,click,06-11-2024 22:52,4.3
998,998,purchase,2024-06-14 22:52:59,3.4
999,999,click,2024-05-26 22:52:59,4
